name,url,username,password,note
account.gigantti.fi,https://account.gigantti.fi/65cbfb31-e319-41c0-beb2-26627b1d5100/B2C_1A_SignUp_Local_NGR_C/api/SelfAsserted/confirmed,,Prab9051,
account.live.com,https://account.live.com/password/reset,prabhu0915@gmail.com,Pralmail#,
adfs.loreal.net,https://adfs.loreal.net/adfs/ls/,prabhu.padayachi@loreal.com,Bharatsep23,
amazonpay.amazon.in,https://amazonpay.amazon.in/ap/signin,coolprabhu.123@gmail.com,Prab9051#,
app.goretro.ai,https://app.goretro.ai/invite/aG8js8IbHRMzJ8kJuO4K9D108x5R1SPpq0VVRiAK,prabhu.padayachi@capgemini.com,Prab9051#,
app.joinsuperset.com,https://app.joinsuperset.com/,prabhu.padayachi@capgemini.com,Prab9051#,
auth.codescan.io,https://auth.codescan.io/login,prabhu.padayachi@valmetpartners.com,Prab9051,
auth.ovaf-prod.visa-esp.finlandvisa.fi,https://auth.ovaf-prod.visa-esp.finlandvisa.fi/login,prabhu.padayachi@capgemini.com,prabhupadayachi,
auth.owndata.com,https://auth.owndata.com/user/welcome,prabhu.padayachi@loreal.com,Bharatapr23#,
bitbucket.e-loreal.com,https://bitbucket.e-loreal.com/login,prabhu.padayachi@loreal.com,Bharatsep23,
capgemini.genai.onova.io,https://capgemini.genai.onova.io/signup,prabhu.padayachi@capgemini.com,Prab9051,
capgeminibrandstore.printstop.co.in,https://capgeminibrandstore.printstop.co.in/reset_password.php,,Prab9051#,
connect.france-visas.gouv.fr,https://connect.france-visas.gouv.fr/realms/usager/login-actions/registration,prabhu.padayachi@capgemini.com,Prab15091984,
customerportal.test.valmet.com,https://customerportal.test.valmet.com/portal/s/login/,prabhu.padayachi@valmetpartners.com.valmettest,Prab2023,
d7f000001xf1iuaq-dev-ed.my.salesforce.com,https://d7f000001xf1iuaq-dev-ed.my.salesforce.com/,sfdcpc.prabhu.padayachi@capgemini.com,Prab9051,
ebiz.licindia.in,https://ebiz.licindia.in/D2CPM/,9920799133,Prab9051#,
ebiz.licindia.in,https://ebiz.licindia.in/D2CPM/,English,Prab9051#,
enps.kfintech.com,https://enps.kfintech.com/registration/activateuseraccount/,110064639342,Jan24kmail#,
enterfinland.fi,https://enterfinland.fi/eServices/account/emailregistration,prabhu.padayachi@capgemini.com,Prab9051,
eportal.incometax.gov.in,https://eportal.incometax.gov.in/iec/foservices/,AJHPP2836K,aAOWPP6615A#,
eportal.incometax.gov.in,https://eportal.incometax.gov.in/iec/foservices/,AOWPP6615A,aAOWPP6615A$,
eportal.incometax.gov.in,https://eportal.incometax.gov.in/iec/foservices/,awxpp9176b,aAWXPP9176B$,
ess.hgsbs.com,https://ess.hgsbs.com/Login/Login,502982,Prab2025#,
eu1.concursolutions.com,https://eu1.concursolutions.com/nui/signin/pwd,prabhu.padayachi@capgemini.com,Prab9051#,
eu2.concursolutions.com,https://eu2.concursolutions.com/nui/signin/pwd,prabhu.padayachi@capgemini.com,Prab9051#,
finlandvisa.fi,https://finlandvisa.fi/register,prabhu.padayachi@capgemini.com,prabhupadayachi,
funstation.in,https://funstation.in/login,coolprabhu.123@gmail.com,Prab9051,
github.com,https://github.com/login,prabhu0915@gmail.com,Prab9051#,
http://192.168.0.1,http://192.168.0.1/login_real.htm,admin,Prab9051,
http://192.168.1.1,http://192.168.1.1/login.asp,admin,br0adband,
http://192.168.2.1,http://192.168.2.1/html/home.html,admin,Prab9051,
http://202.140.35.2,http://202.140.35.2/wairport/GMRDH/login.php,9920799133,2796,
id.heroku.com,https://id.heroku.com/login,prabhu.padayachi@loreal.com,Bharatsep23#,
infinity.icicibank.com,https://infinity.icicibank.com/corp/AuthenticationController;jsessionid=0000dJYIH5IXqXnqo17Crt3U_eR:CR09n38wxk,PRABHU15SEP,Mar23imail#,
kepler-loreal--devconfig2.sandbox.my.salesforce.com,https://kepler-loreal--devconfig2.sandbox.my.salesforce.com/_ui/system/security/ChangePassword,prabhu.padayachi@kepler-loreal.com.devconfig2,Bharatsep23#,
kepler-loreal--uat.sandbox.my.salesforce.com,https://kepler-loreal--uat.sandbox.my.salesforce.com/_ui/system/security/ChangePassword,prabhu.padayachi@kepler-loreal.com.uat,Bharatapr23#,
kepler-loreal.my.salesforce.com,https://kepler-loreal.my.salesforce.com/_ui/system/security/ChangePassword,prabhu.padayachi@kepler-loreal.com,Prab2023#,
login.airfrance.com,https://login.airfrance.com/enrol/account,prabhu.padayachi@capgemini.com,Prab90512023,
login.live.com,https://login.live.com/login.srf,prabhu15sep@live.in,pralmail21,
login.microsoftonline.com,https://login.microsoftonline.com/common/oauth2/authorize,9Padayachi_Prabhu@Singaporeair.com.sg,Bharatdec24,
login.microsoftonline.com,https://login.microsoftonline.com/common/oauth2/v2.0/authorize,3569.agn@aryagurukul.in,Prab9051,
login.salesforce.com,https://login.salesforce.com/,epic.18811732789606708@orgfarm.th,Prab9051,
login.salesforce.com,https://login.salesforce.com/,sfdcmarelli.it@capgemini.com,Capgemini100!$,
login.salesforce.com,https://login.salesforce.com/,sfdcpc.prabhu.padayachi@capgemini.com,Prab9051,
marelli--uat.my.salesforce.com,https://marelli--uat.my.salesforce.com/,sfdcmarelli.it@capgemini.com.uat,Capgemini2021uat,
marelli.my.salesforce.com,https://marelli.my.salesforce.com/,sfdcmarelli.it@capgemini.com,Capgemini100!$,
my.forenom.com,https://my.forenom.com/en/login,prabhu.padayachi@capgemini.com,Prab9051,
myaccount.policybazaar.com,https://myaccount.policybazaar.com/createPassword/,,Prab9051,
nella.tampere.fi,https://nella.tampere.fi/,prabhu15sep,Prab9051,
netbanking.hdfcbank.com,https://netbanking.hdfcbank.com/netbanking/entry,177912821,jun24hmail,
netbanking.hdfcbank.com,https://netbanking.hdfcbank.com/netbanking/entry,1881543,jan24hmail,
netbanking.hdfcbank.com,https://netbanking.hdfcbank.com/netbanking/entry,189945079,dec24hmail,
netbanking.hdfcbank.com,https://netbanking.hdfcbank.com/netbanking/entry,33490443,jan25hmail,
netsafe.hdfcbank.com,https://netsafe.hdfcbank.com/ACSWeb/enrolljsp/HDFCValidate.jsp,33490443,jan25hmail,
nps.kfintech.com,https://nps.kfintech.com/login/login/,110064639342,Jan24kmail#,
ntrade.hdfcsec.com,https://ntrade.hdfcsec.com/forgotPasswordServlet.do,33490443,Prab9051#,
omni.axisbank.co.in,https://omni.axisbank.co.in/axisretailbanking/,876413742,Murugan1967#,
omni.axisbank.co.in,https://omni.axisbank.co.in/axisretailbanking/,948428531,Jun23amail#,
omni.axisbank.co.in,https://omni.axisbank.co.in/axisretailbanking/,jawaharm,Dummy@123,
online.aryagurukul.in,https://online.aryagurukul.in/,9920799133,Prab9051#,
passwordreset.microsoftonline.com,https://passwordreset.microsoftonline.com//,prabhu.padayachi@loreal.com,Bharatsep23,
piki.finna.fi,https://piki.finna.fi/,837A5902067,2015,
portal.mediassist.in,https://portal.mediassist.in/ResetPassword.aspx,prabhu.padayachi@capgemini.com,Prab2022,
portal1.passportindia.gov.in,https://portal1.passportindia.gov.in/AppOnlineProject/user/userLoginValidateAction,PRABHU0915@GMAIL.COM,Prab2025#,
portal1.passportindia.gov.in,https://portal1.passportindia.gov.in/AppOnlineProject/user/userLoginValidateAction,PRABHU15SEP@LIVE.IN,Prab2025#,
portal1.passportindia.gov.in,https://portal1.passportindia.gov.in/AppOnlineProject/user/userLoginValidateAction,prabhu0915@gmail.com,Prab2025#,
portal2.passportindia.gov.in,https://portal2.passportindia.gov.in/AppOnlineProject/user/resetPassword,PRABHU15SEP@LIVE.IN,Prab2025#,
prepaidcards.axisbank.co.in,https://prepaidcards.axisbank.co.in/AxisPortalWeb/firstlogin,4766XXXXXXXX4146,Prab2023#,
prepaidcards.axisbank.co.in,https://prepaidcards.axisbank.co.in/AxisPortalWeb/index,4766433010534146,Prab2023#,
reg.salesforce.com,https://reg.salesforce.com/flow/plus/tdx25bengaluru/reg/createaccount,9Padayachi_Prabhu@Singaporeair.com.sg,Padayachi_Prabhu9051#,
retail.sc.com,https://retail.sc.com/in/nfs/login.htm,prabhu15sep,Jun23smail#,
rguruusm.vbelabs.in,https://rguruusm.vbelabs.in/rguru.login,E141179/2025RG,sidkavi*123,
row5.vfsglobal.com,https://row5.vfsglobal.com/GlobalAppointment/Account/RegisterUser,prabhu.padayachi@capgemini.com,Prab9051#,
servicemax.litmos.com,https://servicemax.litmos.com/account/Login,prabhu.padayachi@capgemini.com,Prab2022#,
servicemax.litmos.com,https://servicemax.litmos.com/account/Welcome,Padayachi,Prab2022#,
services.vfsglobal.com,https://services.vfsglobal.com/ind/en/frp/login,prabhu.padayachi@capgemini.com,Prab9051#,
signin.capgemini.com,https://signin.capgemini.com/ext/pwdchange/Identify,ppadayac,Tempjan25,
signincert.capgemini.com,https://signincert.capgemini.com/idp/CPgmJ/resumeSAML20/idp/startSSO.ping,ppadayac,Tempjan22,
signup.heroku.com,https://signup.heroku.com/confirm,prabhu.padayachi@loreal.com,Bharatsep23#,
success.copado.com,https://success.copado.com/Login,prabhu.padayachi@capgemini.com,Prab112022,
tnreginet.gov.in,https://tnreginet.gov.in/portal/index.jsp,prabhu15sep,Prabhu9051@,
transatplan.banquetransatlantique.com,https://transatplan.banquetransatlantique.com/en/identification/authentification.html,709329CY,Prab9051,
twitter.com,https://twitter.com/i/flow/login,prabhu0915@gmail.com,pratmail10,
valmet--copadotest.sandbox.my.salesforce.com,https://valmet--copadotest.sandbox.my.salesforce.com/,prabhu.padayachi@capgemini.com.copadotest,Valmetsep2023,
valmet--fslrehears.sandbox.my.salesforce.com,https://valmet--fslrehears.sandbox.my.salesforce.com/_ui/system/security/ChangePassword,prabhu.padayachi@valmetpartners.com,sept2024,
valmet--fslrehears.sandbox.my.salesforce.com,https://valmet--fslrehears.sandbox.my.salesforce.com/_ui/system/security/ChangePassword,prabhu.padayachi@valmetpartners.com.fslrehears.,Prab1984,
valmet--valmetdev2.sandbox.my.salesforce.com,https://valmet--valmetdev2.sandbox.my.salesforce.com/,prabhu.padayachi@capgemini.com.valmetdev2,Valmetsep2023,
valmet--valmetdev6.my.salesforce.com,https://valmet--valmetdev6.my.salesforce.com/,prabhu.padayachi@valmetpartners.com.valmetdev6,prab2022,
valmet--valmetdev6.sandbox.my.salesforce.com,https://valmet--valmetdev6.sandbox.my.salesforce.com/_ui/system/security/ChangePassword,prabhu.padayachi@valmetpartners.com.valmetdev7,Prab112022,
valmet--valmetdev7.my.salesforce.com,https://valmet--valmetdev7.my.salesforce.com/,prabhu.padayachi@valmetpartners.com.valmetdev7,Prab112022,
valmet--valmetdev7.sandbox.my.salesforce.com,https://valmet--valmetdev7.sandbox.my.salesforce.com/,prabhu.padayachi@valmetpartners.com.valmetdev7,Prab112022,
valmet--valmettest.my.salesforce.com,https://valmet--valmettest.my.salesforce.com/,prabhu.padayachi@valmetpartners.com.valmettest,Prabjun22,
valmet--valmettest.sandbox.my.salesforce.com,https://valmet--valmettest.sandbox.my.salesforce.com/,prabhu.padayachi@valmetpartners.com.valmettest,Prabjun22,
valmet.my.salesforce.com,https://valmet.my.salesforce.com/,prabhu.padayachi@valmetpartners.com,sept2024,
valmettest-valmet.cs110.force.com,https://valmettest-valmet.cs110.force.com/supplierportal/SP_Login,prabhu.padayachi@valmetpartners.com.valmettest,Prab2023,
vdi.sq.com.sg,https://vdi.sq.com.sg/logon/LogonPoint/tmindex.html,9Padayachi_Prabhu,Sia_00042025,
visa.vfsglobal.com,https://visa.vfsglobal.com/ind/en/frp/register,prabhu.padayachi@capgemini.com,Prab9051#,
voters.eci.gov.in,https://voters.eci.gov.in/requestotp,9920799133,Prab9051@,
web.umang.gov.in,https://web.umang.gov.in/web_new/login,9920799133,4891,
wlan-guest.neles.com,https://wlan-guest.neles.com/cgi-bin/login,guest-2830117,nckj1546,
wlan-guest.valmet.com,https://wlan-guest.valmet.com/cgi-bin/login,guest-0724109,zxyr9906,
wss.mahadiscom.in,https://wss.mahadiscom.in/wss/wss_login.aspx,prabhu15sep,Prab2023#,
www.amazon.com,https://www.amazon.com/ap/signin,9920799133,Prab9051,
www.citibank.co.in,https://www.citibank.co.in/ibank/login/IQPin1.jsp,PRABHU15SEP,jun24cmail,
www.concursolutions.com,https://www.concursolutions.com/,prabhu.padayachi@capgemini.com,Prab9051#,
www.forenom.com,https://www.forenom.com/login,prabhu.padayachi@capgemini.com,Prab9051,
www.hoplop.fi,https://www.hoplop.fi/en/playtimebooking,prabhu0915@gmail.com,Prab9051,
www.iobnet.co.in,https://www.iobnet.co.in/ibanking/login.do,1961jaya,Jan25imail#,
www.irctc.co.in,https://www.irctc.co.in/nget/profile/user-registration,evaaminoff,Gurudev1,
www.irctc.co.in,https://www.irctc.co.in/nget/train-search,chinprabhu,Prab9051,
www.linkedin.com,https://www.linkedin.com/uas/login,9920799133,Prab9051,
www.linkedin.com,https://www.linkedin.com/uas/login,prabhu0915@gmail.com,Prab9051,
www.netflix.com,https://www.netflix.com/in/login,nidhi567.ns@gmail.com,Internet@123,
www.newindia.co.in,https://www.newindia.co.in/portal/login/customer,prabhu15sep@live.in,Prab2023#,
www.njindiaonline.in,https://www.njindiaonline.in/cdesk/login.fin,UCC30042,Prab9051,
www.onnibus.com,https://www.onnibus.com/home,prabhu.padayachi@capgemini.com,Prab9051#,
www.ors.amundi-ee.com,https://www.ors.amundi-ee.com/a/cp/capgemini2022,502982,Prab9051#,
www.prioritypass.com,https://www.prioritypass.com/chasedmc/step-2,prabhu15sep,Prab9051,
www.sbicard.com,https://www.sbicard.com/creditcards/app/user/expirepassword-page,,163643,
www.sbicard.com,https://www.sbicard.com/creditcards/app/user/forgotpassword-set-credentials-page,prabhu15sep,Mar24sbimail#,
www.sihub.in,https://www.sihub.in/managesi/hdfcbank,prabhu15se@live.in,Prab9051#1,
www.sihub.in,https://www.sihub.in/managesi/hdfcbank,prabhu15sep@live.in,Prab9051#1,
www.telia.fi,https://www.telia.fi/kauppa/liittymat/prepaid/lataa,0402436524,4891,
www.ticketlouvre.fr,https://www.ticketlouvre.fr/louvre/b2c/index.cfm/user-registration.sale,prabhu0915@gmail.com,Prab9051,
www.tnebnet.org,https://www.tnebnet.org/awp/login,prabhu15sep,Prab9051,
www.turkishairlines.com,https://www.turkishairlines.com/en-int/index.html,378069355,489190,
www.udemy.com,https://www.udemy.com/join/login-popup/,prabhu15sep@live.in,Prab9051,
www.verkkokauppa.com,https://www.verkkokauppa.com/fi/account/login/email,prabhu0915@gmail.com,Prab9051,
www.vr.fi,https://www.vr.fi/en/single-ticket-purchase-summary,prabhu.padayachi@capgemini.com,Prab9051,
www.webassessor.com,https://www.webassessor.com/wa.do,prabhu15sep,Prab9051#,
